<?xml version='1.0' encoding='us-ascii'?>
<!DOCTYPE entry SYSTEM 'catalogue.dtd'>
<entry datestamp='$Date$' modifier='$Author$' id='accsupp'>
  <name>accsupp</name>
  <caption>Better accessibility support for PDF files.</caption>
  <authorref id='auth:oberdiek'/>
  <copyright owner='Heiko Oberdiek' year='2007,2010'/>
  <license type='lppl1.3'/>
  <version number='0.4'/>
  <description>
    Since PDF 1.5 portions of a page can be marked for better accessibility
    support. For example, replacement texts or expansions of abbreviations can
    be provided. This package starts with providing a minimal low-level
    interface for programmers; its status is experimental.
    <p/>
    The package is part of the <xref refid='oberdiek'>oberdiek</xref> bundle.
  </description>
  <documentation details='Package documentation'
      href='ctan:/macros/latex/contrib/oberdiek/accsupp.pdf'/>
  <ctan file='true' path='/macros/latex/contrib/oberdiek/accsupp.dtx'/>
  <miktex location='oberdiek'/>
  <texlive location='oberdiek'/>
  <install path='/macros/latex/contrib/oberdiek/oberdiek.tds.zip'/>
</entry>
