<?xml version='1.0' encoding='us-ascii'?>
<!DOCTYPE entry SYSTEM 'catalogue.dtd'>
<entry datestamp='$Date$' modifier='$Author$' id='atveryend'>
  <name>atveryend</name>
  <caption>Hooks at the very end of a document.</caption>
  <authorref id='auth:oberdiek'/>
  <copyright owner='Heiko Oberdiek' year='2009-2011'/>
  <license type='lppl1.3'/>
  <version number='1.9'/>
  <description>
    This LaTeX packages provides two hooks for <tt>\end{document}</tt>
    that are executed after the hook of <tt>\AtEndDocument</tt>:
    <tt>\AfterLastShipout</tt> can be used for code that is to be executed
    right after the last <tt>\clearpage</tt> before the `<tt>.aux</tt>' file
    is closed. <tt>\AtVeryEndDocument</tt> is used for code after closing
    and final reading of the `<tt>.aux</tt>' file.
    <p/>
    The package is part of the <xref refid='oberdiek'>oberdiek</xref> bundle.
  </description>
  <documentation details='Package documentation'
      href='ctan:/macros/latex/contrib/oberdiek/atveryend.pdf'/>
  <ctan file='true' path='/macros/latex/contrib/oberdiek/atveryend.dtx'/>
  <miktex location='oberdiek'/>
  <texlive location='oberdiek'/>
  <install path='/macros/latex/contrib/oberdiek/oberdiek.tds.zip'/>
</entry>
