<?xml version='1.0' encoding='us-ascii'?>
<!DOCTYPE entry SYSTEM 'catalogue.dtd'>
<entry datestamp='$Date$' modifier='$Author$' id='bigintcalc'>
  <name>bigintcalc</name>
  <caption>Integer calculations on very large numbers.</caption>
  <authorref id='auth:oberdiek'/>
  <copyright owner='Heiko Oberdiek' year='2007,2011,2012'/>
  <license type='lppl1.3'/>
  <version number='1.4'/>
  <description>
    This package provides expandable arithmetic operations
    with big integers that can exceed TeX's number limits.
    <p/>
    The package is part of the <xref refid='oberdiek'>oberdiek</xref> bundle.
  </description>
  <documentation details='Package documentation'
      href='ctan:/macros/latex/contrib/oberdiek/bigintcalc.pdf'/>
  <ctan file='true' path='/macros/latex/contrib/oberdiek/bigintcalc.dtx'/>
  <miktex location='oberdiek'/>
  <texlive location='oberdiek'/>
  <install path='/macros/latex/contrib/oberdiek/oberdiek.tds.zip'/>
</entry>
