<?xml version='1.0' encoding='us-ascii'?>
<!DOCTYPE entry SYSTEM 'catalogue.dtd'>
<entry datestamp='$Date$' modifier='$Author$' id='bitset'>
  <name>bitset</name>
  <caption>Handle bit-vector datatype.</caption>
  <authorref id='auth:oberdiek'/>
  <copyright owner='Heiko Oberdiek' year='2007,2011'/>
  <license type='lppl1.3'/>
  <version number='1.2'/>
  <description>
    This package defines and implements the data type bit set,
    a vector of bits. The size of the vector may grow dynamically.
    Individual bits can be manipulated.
    <p/>
    The package is part of the <xref refid='oberdiek'>oberdiek</xref> bundle.
  </description>
  <documentation details='Package documentation'
      href='ctan:/macros/latex/contrib/oberdiek/bitset.pdf'/>
  <ctan file='true' path='/macros/latex/contrib/oberdiek/bitset.dtx'/>
  <miktex location='oberdiek'/>
  <texlive location='oberdiek'/>
  <install path='/macros/latex/contrib/oberdiek/oberdiek.tds.zip'/>
</entry>
