<?xml version='1.0' encoding='us-ascii'?>
<!DOCTYPE entry SYSTEM 'catalogue.dtd'>
<entry datestamp='$Date$' modifier='$Author$' id='centernot'>
  <name>centernot</name>
  <caption>Centred \not command.</caption>
  <authorref id='auth:oberdiek'/>
  <copyright owner='Heiko Oberdiek' year='2006,2007,2010,2011'/>
  <license type='lppl1.3'/>
  <version number='1.4'/>
  <description>
    The package provides <tt>\centernot</tt> that prints the symbol
    <tt>\not</tt> on the following argument.  Unlike the default
    <tt>\not</tt> command, the symbol is horizontally centered.
    <p/>
    The package is part of the <xref refid='oberdiek'>oberdiek</xref>
    bundle.
  </description>
  <documentation details='Package documentation'
      href='ctan:/macros/latex/contrib/oberdiek/centernot.pdf'/>
  <ctan file='true' path='/macros/latex/contrib/oberdiek/centernot.dtx'/>
  <miktex location='oberdiek'/>
  <texlive location='oberdiek'/>
  <install path='/macros/latex/contrib/oberdiek/oberdiek.tds.zip'/>
</entry>
