<?xml version='1.0' encoding='us-ascii'?>
<!DOCTYPE entry SYSTEM 'catalogue.dtd'>
<entry datestamp='$Date$' modifier='$Author$' id='hypdestopt'>
  <name>hypdestopt</name>
  <caption>Hyperref destination optimizer.</caption>
  <authorref id='auth:oberdiek'/>
  <copyright owner='Heiko Oberdiek' year='2006-2008,2011'/>
  <license type='lppl1.3'/>
  <version number='2.5'/>
  <description>
    This package supports <xref refid='hyperref'>hyperref</xref>'s
    pdftex driver. It removes unnecessary destinations
    and shortens the destination names or uses numbered destinations
    to get smaller PDF files.
    <p/>
    The package is part of the <xref refid='oberdiek'>oberdiek</xref>
    bundle.
  </description>
  <documentation details='Package documentation'
      href='ctan:/macros/latex/contrib/oberdiek/hypdestopt.pdf'/>
  <ctan file='true' path='/macros/latex/contrib/oberdiek/hypdestopt.dtx'/>
  <miktex location='oberdiek'/>
  <texlive location='oberdiek'/>
  <install path='/macros/latex/contrib/oberdiek/oberdiek.tds.zip'/>
</entry>
