<?xml version='1.0' encoding='us-ascii'?>
<!DOCTYPE entry SYSTEM 'catalogue.dtd'>
<entry datestamp='$Date$' modifier='$Author$' id='hypgotoe'>
  <name>hypgotoe</name>
  <caption>Links to embedded files.</caption>
  <authorref id='auth:oberdiek'/>
  <copyright owner='Heiko Oberdiek' year='2007'/>
  <license type='lppl1.3'/>
  <version number='0.2'/>
  <description>
    This experimental package  is a first experiment for links to embedded
    files. It is named after the PDF action name <tt>/GoToE</tt>.
    <p/>
    The package is part of the <xref refid='oberdiek'>oberdiek</xref>
    bundle.
  </description>
  <documentation details='Package documentation'
      href='ctan:/macros/latex/contrib/oberdiek/hypgotoe.pdf'/>
  <ctan file='true' path='/macros/latex/contrib/oberdiek/hypgotoe.dtx'/>
  <miktex location='oberdiek'/>
  <texlive location='oberdiek'/>
  <install path='/macros/latex/contrib/oberdiek/oberdiek.tds.zip'/>
</entry>
