%% No we don't need the option 'color'.
%% With color support option 'emphcolor' will dynamically
%% change the color of \emph statements.
<?xml version='1.0' encoding='us-ascii'?>
<!DOCTYPE entry SYSTEM 'catalogue.dtd'>
<entry datestamp='$Date$' modifier='$Author$' id='kvoptions'>
  <name>kvoptions</name>
  <caption>Key value format for package options.</caption>
  <authorref id='auth:oberdiek'/>
  <copyright owner='Heiko Oberdiek' year='2004,2006,2007,2009-2011'/>
  <license type='lppl1.3'/>
  <version number='3.12'/>
  <description>
    This package offers support for package authors who want to
    use options in key-value format for their package options.
    <p/>
    The package is part of the <xref refid='oberdiek'>oberdiek</xref> bundle.
  </description>
  <documentation details='Package documentation'
      href='ctan:/macros/latex/contrib/oberdiek/kvoptions.pdf'/>
  <ctan file='true' path='/macros/latex/contrib/oberdiek/kvoptions.dtx'/>
  <miktex location='oberdiek'/>
  <texlive location='oberdiek'/>
  <install path='/macros/latex/contrib/oberdiek/oberdiek.tds.zip'/>
</entry>
