<?xml version='1.0' encoding='us-ascii'?>
<!DOCTYPE entry SYSTEM 'catalogue.dtd'>
<entry datestamp='$Date$' modifier='$Author$' id='kvsetkeys'>
  <name>kvsetkeys</name>
  <caption>Key value parser with default handler support.</caption>
  <authorref id='auth:oberdiek'/>
  <copyright owner='Heiko Oberdiek' year='2006,2007,2009-2012'/>
  <license type='lppl1.3'/>
  <version number='1.17'/>
  <description>
    This package provides \kvsetkeys, a variant of package
    <xref refid='keyval'>keyval</xref>'s <tt>\setkeys</tt>.  It allows
    the user to specify a handler that deals with unknown options.
    Active commas and equal signs may be used (e.g. see
    <xref refid='babel'>babel</xref>'s shorthands) and only one level
    of curly braces are removed from the values.
    <p/>
    The package is part of the <xref refid='oberdiek'>oberdiek</xref> bundle.
  </description>
  <documentation details='Package documentation'
      href='ctan:/macros/latex/contrib/oberdiek/kvsetkeys.pdf'/>
  <ctan file='true' path='/macros/latex/contrib/oberdiek/kvsetkeys.dtx'/>
  <miktex location='oberdiek'/>
  <texlive location='oberdiek'/>
  <install path='/macros/latex/contrib/oberdiek/oberdiek.tds.zip'/>
</entry>
