<?xml version='1.0' encoding='us-ascii'?>
<!DOCTYPE entry SYSTEM 'catalogue.dtd'>
<entry datestamp='$Date$' modifier='$Author$' id='luacolor'>
  <name>luacolor</name>
  <caption>Color support based on LuaTeX's node attributes.</caption>
  <authorref id='auth:oberdiek'/>
  <copyright owner='Heiko Oberdiek' year='2007,2009-2011'/>
  <license type='lppl1.3'/>
  <version number='1.10'/>
  <description>
      This package implements color support based on LuaTeX's node
      attributes.
    <p/>
    The package is part of the <xref refid='oberdiek'>oberdiek</xref> bundle.
  </description>
  <documentation details='Package documentation'
      href='ctan:/macros/latex/contrib/oberdiek/luacolor.pdf'/>
  <ctan file='true' path='/macros/latex/contrib/oberdiek/luacolor.dtx'/>
  <miktex location='oberdiek'/>
  <texlive location='oberdiek'/>
  <install path='/macros/latex/contrib/oberdiek/oberdiek.tds.zip'/>
</entry>
