<?xml version='1.0' encoding='us-ascii'?>
<!DOCTYPE entry SYSTEM 'catalogue.dtd'>
<entry datestamp='$Date$' modifier='$Author$' id='pdfcol'>
  <name>pdfcol</name>
  <caption>Defines macros fpr maintaining color stacks under pdfTeX.</caption>
  <authorref id='auth:oberdiek'/>
  <copyright owner='Heiko Oberdiek' year='2007'/>
  <license type='lppl1.3'/>
  <version number='1.4'/>
  <description>
    Since version 1.40 pdfTeX supports color stacks.
    The driver file <tt>pdftex.def</tt> for package
    <xref refid='color'>color</xref> defines and uses a main color
    stack since version v0.04b.
    <p/>
    This package is intended for package writers.
    It defines macros for setting and maintaining new color stacks.
    <p/>
    The package is part of the <xref refid='oberdiek'>oberdiek</xref>
    bundle.
  </description>
  <documentation details='Package documentation'
      href='ctan:/macros/latex/contrib/oberdiek/pdfcol.pdf'/>
  <ctan file='true' path='/macros/latex/contrib/oberdiek/pdfcol.dtx'/>
  <miktex location='oberdiek'/>
  <texlive location='oberdiek'/>
  <install path='/macros/latex/contrib/oberdiek/oberdiek.tds.zip'/>
</entry>
