<?xml version='1.0' encoding='us-ascii'?>
<!DOCTYPE entry SYSTEM 'catalogue.dtd'>
<entry datestamp='$Date$' modifier='$Author$' id='pdfcolmk'>
  <name>pdfcolmk</name>
  <caption>Improving colour support under pdftex.</caption>
  <authorref id='auth:oberdiek'/>
  <copyright owner='Heiko Oberdiek' year='2000,2005-2008'/>
  <license type='lppl1.3'/>
  <version number='1.3'/>
  <description>
    The package provides macros that emulate the &#x2018;colour stack&#x2019;
    functionality of dvips.  The colour stack deals with colour
    manipulations when asynchronous events (like page-breaking) occur;
    pdftex does not (yet) have such a stack, but dvips does, and the
    <xref refid='color'>color</xref> package makes extensive use of
    it.
    <p/>
    This package is an experimental solution to the problem, and works
    best with pdf-e-tex.
    <p/>
    The package is part of the <xref refid='oberdiek'>oberdiek</xref> bundle.
  </description>
  <documentation details='Package documentation'
      href='ctan:/macros/latex/contrib/oberdiek/pdfcolmk.pdf'/>
  <ctan file='true' path='/macros/latex/contrib/oberdiek/pdfcolmk.dtx'/>
  <miktex location='oberdiek'/>
  <texlive location='oberdiek'/>
  <install path='/macros/latex/contrib/oberdiek/oberdiek.tds.zip'/>
</entry>
