<?xml version='1.0' encoding='us-ascii'?>
<!DOCTYPE entry SYSTEM 'catalogue.dtd'>
<entry datestamp='$Date$' modifier='$Author$' id='pdfrender'>
  <name>pdfrender</name>
  <caption>Control rendering parameters.</caption>
  <authorref id='auth:oberdiek'/>
  <copyright owner='Heiko Oberdiek' year='2010'/>
  <license type='lppl1.3'/>
  <version number='1.4'/>
  <description>
    The package provides interfaces for the user to control PDF
    parameters, such as line width or text rendering mode.  The
    control operations work in a manner very similar to that of the
     <xref refid='color'>color</xref> package.
    <p/>
    The package is part of the <xref refid='oberdiek'>oberdiek</xref> bundle.
  </description>
  <documentation details='Package documentation'
      href='ctan:/macros/latex/contrib/oberdiek/pdfrender.pdf'/>
  <ctan file='true' path='/macros/latex/contrib/oberdiek/pdfrender.dtx'/>
  <miktex location='oberdiek'/>
  <texlive location='oberdiek'/>
  <install path='/macros/latex/contrib/oberdiek/oberdiek.tds.zip'/>
</entry>
