<?xml version='1.0' encoding='us-ascii'?>
<!DOCTYPE entry SYSTEM 'catalogue.dtd'>
<entry datestamp='$Date$' modifier='$Author$' id='protecteddef'>
  <name>protecteddef</name>
  <caption>Define protected commands.</caption>
  <authorref id='auth:oberdiek'/>
  <copyright owner='Heiko Oberdiek' year='2011'/>
  <license type='lppl1.3'/>
  <version number='1.1'/>
  <description>
    The package defines a command <tt>\ProtectedDef</tt> that will
    create LaTeX &#x2018;robust&#x2019; command or an e-TeX
    &#x2018;protected&#x2019; command as appropriate
    to its environment.
    <p/>
    The package is part of the <xref refid='oberdiek'>oberdiek</xref> bundle.
  </description>
  <documentation details='Package documentation'
      href='ctan:/macros/latex/contrib/oberdiek/protecteddef.pdf'/>
  <ctan file='true' path='/macros/latex/contrib/oberdiek/protecteddef.dtx'/>
  <miktex location='oberdiek'/>
  <texlive location='oberdiek'/>
  <install path='/macros/latex/contrib/oberdiek/oberdiek.tds.zip'/>
</entry>
