<?xml version='1.0' encoding='us-ascii'?>
<!DOCTYPE entry SYSTEM 'catalogue.dtd'>
<entry datestamp='$Date$' modifier='$Author$' id='stackrel'>
  <name>stackrel</name>
  <caption>Enhancement to the \stackrel command.</caption>
  <authorref id='auth:oberdiek'/>
  <copyright owner='Heiko Oberdiek' year='2006,2007'/>
  <license type='lppl1.3'/>
  <version number='1.3'/>
  <description>
    This package adds an optional argument to <tt>\stackrel</tt> for
    putting something below the relational symbol and defines
    <tt>\stackbin</tt> for binary symbols.
    <p/>
    The package is part of the <xref refid='oberdiek'>oberdiek</xref>
    bundle.
  </description>
  <documentation details='Package documentation'
      href='ctan:/macros/latex/contrib/oberdiek/stackrel.pdf'/>
  <ctan file='true' path='/macros/latex/contrib/oberdiek/stackrel.dtx'/>
  <miktex location='oberdiek'/>
  <texlive location='oberdiek'/>
  <install path='/macros/latex/contrib/oberdiek/oberdiek.tds.zip'/>
</entry>
